,img_name,id
0,IMG_1561-Copy_jpg.rf.051eecdb42d32cbd6ba6d708333737ea.jpg,0
1,IMG_1561-Copy_jpg.rf.0f1b5f477a8dab97076844d8f2c93288.jpg,0
2,IMG_1561-Copy_jpg.rf.3b1c844f37fd454045245741c2aad0a1.jpg,0
3,IMG_1561-Copy_jpg.rf.8e050a0ce38830a62d77617dcf1b5c19.jpg,0
4,IMG_1561-Copy_jpg.rf.b3d26b3f50e8fbfce32b28762b2a4eb9.jpg,0
5,IMG_1561-Copy_jpg.rf.f3e79779449585d903292eac50d1c5f4.jpg,0
6,IMG_1566-Copy_jpg.rf.fda9eca49405cae66b833a4ed597f0ef.jpg,0
7,IMG_1567-Copy_jpg.rf.69957ee56bc6a1720d60057275333fef.jpg,0
8,IMG_1567-Copy_jpg.rf.c05abccadd6d9391db2f4ef912b9d0cf.jpg,0
9,IMG_1567-Copy_jpg.rf.dfb1a0561180964f4a06ae1cfabb7fa0.jpg,0
10,IMG_1569-Copy_jpg.rf.15111e7bc94990ebfcf63927e8d11936.jpg,0
11,IMG_1569-Copy_jpg.rf.27ac68989420eaee8589edf859f75fec.jpg,0
12,IMG_1569-Copy_jpg.rf.5b07fa3a923777a3cc150d19bf390ac5.jpg,0
13,IMG_1569-Copy_jpg.rf.6b53b4c3472758287dfc07bd7a7033e2.jpg,0
14,IMG_1569-Copy_jpg.rf.7c57c7619789499bced7de26c128afd5.jpg,0
15,IMG_1569-Copy_jpg.rf.dd631398769aee20e1201a3cdc32e486.jpg,0
16,IMG_1576-Copy_jpg.rf.01bd4d2834b9739bbaff86c065c448a8 — копия.jpg,0
17,IMG_1576-Copy_jpg.rf.01bd4d2834b9739bbaff86c065c448a8.jpg,0
18,IMG_1576-Copy_jpg.rf.544ec96f2d10947dc487f14dd68367a6 — копия.jpg,0
19,IMG_1576-Copy_jpg.rf.544ec96f2d10947dc487f14dd68367a6.jpg,0
20,IMG_1576-Copy_jpg.rf.567d61ada6067cdca3bf84cc479f5d9f — копия.jpg,0
21,IMG_1576-Copy_jpg.rf.567d61ada6067cdca3bf84cc479f5d9f.jpg,0
22,IMG_1576-Copy_jpg.rf.5a5ad9a1437d0d672cbd9bd5288a7852.jpg,0
23,IMG_1576-Copy_jpg.rf.f46648d9e8e56af03fdbb19fe8c192af — копия.jpg,0
24,IMG_1576-Copy_jpg.rf.f46648d9e8e56af03fdbb19fe8c192af.jpg,0
25,IMG_1576-Copy_jpg.rf.f9f5f38b2ce954a6124023ccb5997ef3 — копия.jpg,0
26,IMG_1576-Copy_jpg.rf.f9f5f38b2ce954a6124023ccb5997ef3.jpg,0
27,IMG_1577-Copy_jpg.rf.129a01e71c38272de14e202baeaaf254.jpg,0
28,IMG_1577-Copy_jpg.rf.131f4013238697ba5da718ebd30b4126.jpg,0
29,IMG_1577-Copy_jpg.rf.6a7bc774da8d2455e6154f7212cdb828.jpg,0
30,IMG_1577-Copy_jpg.rf.8a47b124eace936c3f1cfa89054c2239.jpg,0
31,IMG_1577-Copy_jpg.rf.c379f93ab4bb8ec70e1058b8c213feb3.jpg,0
32,IMG_1577-Copy_jpg.rf.e62f989fb9b88a5cf0eab5a76cc94ccc.jpg,0
33,IMG_1555-Copy_jpg.rf.1fd617968deff93504dce3b553ca4e45.jpg,1
34,IMG_1555-Copy_jpg.rf.7ef8627d7b3ddf84f93d8de15f9840c0.jpg,1
35,IMG_1555-Copy_jpg.rf.dd72b58597635475f8573ddcad1e8126.jpg,1
36,IMG_1556-Copy_jpg.rf.238dd6163812c70bcaaca8406dbc5c56.jpg,1
37,IMG_1556-Copy_jpg.rf.532ad08edb00895f0dc8661a7f2e5643.jpg,1
38,IMG_1556-Copy_jpg.rf.c8a9ac04f9bbf55dfb815763748e442d.jpg,1
39,IMG_1557-Copy_jpg.rf.41e736a178d487381fd49b3a72c1a6f2.jpg,1
40,IMG_1557-Copy_jpg.rf.4708b21505a38dfad709991ea8a2a937.jpg,1
41,IMG_1557-Copy_jpg.rf.47ab7a898ba541107c6c867a93c092c6.jpg,1
42,IMG_1557-Copy_jpg.rf.4f9d099283d2d01e324a030d63d18cd4.jpg,1
43,IMG_1557-Copy_jpg.rf.901dad70ed258d3dd6217c4cef8ed241.jpg,1
44,IMG_1557-Copy_jpg.rf.d8acd4451f1bc310ef9e63122e7597e3.jpg,1
45,IMG_1558-Copy_jpg.rf.5587d1ca3347e680e264181903bd5a0c.jpg,1
46,IMG_1558-Copy_jpg.rf.6192bd7c32f49ac2c5b529f62143efe6.jpg,1
47,IMG_1558-Copy_jpg.rf.9642ac2452e6e4e2bc1b6be8405be7d4.jpg,1
48,IMG_1558-Copy_jpg.rf.98bf9f10b034af46a1c96d48ae8a5167.jpg,1
49,IMG_1558-Copy_jpg.rf.cbc18db1ef03ee4e5d5ae51eedf51d76.jpg,1
50,IMG_1558-Copy_jpg.rf.da03a14c7e95bfabe371d0cdaf392970.jpg,1
51,IMG_1562-Copy_jpg.rf.4995cc0fff0351b198aefda04afb7e44.jpg,1
52,IMG_1562-Copy_jpg.rf.a13d969fd79d5ff8bc377c2affaf65a6.jpg,1
53,IMG_1562-Copy_jpg.rf.a5eda0344168b539e7e951b91106a035.jpg,1
54,IMG_1563-Copy_jpg.rf.030329dc7fe3a8ada1d754a1dfb8226f.jpg,1
55,IMG_1563-Copy_jpg.rf.3b817adc8c4c10ac9447c6c4e0aba03b.jpg,1
56,IMG_1563-Copy_jpg.rf.75883544c53a76ad6867817c178c6c58.jpg,1
57,IMG_1563-Copy_jpg.rf.958dedd4f76f0627010ca20b6155dc71.jpg,1
58,IMG_1564-Copy_jpg.rf.09a2afa10c7b82b39dbdcd32a3735bfa.jpg,1
59,IMG_1564-Copy_jpg.rf.4765c3996b971f637a166beaf23938d4.jpg,1
60,IMG_1568-Copy_jpg.rf.104c232592134c5aea0a2185d7329776.jpg,1
61,IMG_1568-Copy_jpg.rf.13a728197b3f7c23ca702b73c7feb468.jpg,1
62,IMG_1568-Copy_jpg.rf.18baf1660a41f7ce8fd0c6c2f8a2b61d.jpg,1
63,IMG_1568-Copy_jpg.rf.46d4c6cbff14796e418d52f3ab64fbeb.jpg,1
64,IMG_1568-Copy_jpg.rf.ea1c2dad466bc942e309f548a0427c6c.jpg,1
65,IMG_1568-Copy_jpg.rf.edf88cb8a5037ab8898cb04b732d5e3f.jpg,1
66,IMG_1570-Copy_jpg.rf.913f674658d213ea6d0c994e757a7677.jpg,1
67,IMG_1571-Copy_jpg.rf.24cac1573bc4989d869563169fd26012.jpg,1
68,IMG_1571-Copy_jpg.rf.24f46a0cc726da80768213fcd0fa7008.jpg,1
69,IMG_1571-Copy_jpg.rf.afb6541c910df1e34c95ed243c7e1b44.jpg,1
70,IMG_1571-Copy_jpg.rf.b4124cded5e1ddd5e0b20dbcdd24e9d9.jpg,1
71,IMG_1572-Copy_jpg.rf.3adc1e239c6f93a033ccffc89f3b33f7.jpg,1
72,IMG_1575-Copy_jpg.rf.224a964393c112cb5138a6b6ed8e79f5.jpg,1
73,IMG_1575-Copy_jpg.rf.3c1616180db14b49f5bd9b56ce3c0b91.jpg,1
74,IMG_1575-Copy_jpg.rf.6acedf4b7e1faba024e03521b723d918.jpg,1
75,IMG_1575-Copy_jpg.rf.6c771daf5a46abef6cdb6ce9bf88e685.jpg,1
76,IMG_1575-Copy_jpg.rf.87742627ce93fa200bb0a4396ed34822.jpg,1
77,IMG_1575-Copy_jpg.rf.d7aa7f102659e81f1c851a9b84a42dbb.jpg,1
78,IMG_1579-Copy_jpg.rf.11ccd0f837cc74711f0d9972c82dba2e.jpg,1
79,IMG_1579-Copy_jpg.rf.38580c5475314b2f219ce2f101ee6003.jpg,1
80,IMG_1579-Copy_jpg.rf.4623301fa96cb32bfef9e6c39afd7112.jpg,1
81,IMG_1579-Copy_jpg.rf.7f2209c84063596a46c4475be189cf1d.jpg,1
82,IMG_1579-Copy_jpg.rf.d6070f17ae48d7e37a49700420fe4a1c.jpg,1
83,IMG_1579-Copy_jpg.rf.e1f976dae77a071f37dba625b5cc97ad.jpg,1
84,IMG_1580-Copy_jpg.rf.20436908290f59b9b22ac2a7b6d78517.jpg,1
85,IMG_1580-Copy_jpg.rf.23ecbd58a97c0cde6669560a0d94ff91.jpg,1
86,IMG_1580-Copy_jpg.rf.a0b95ceb8898bc61b43fee617bbbcf24.jpg,1
87,IMG_1580-Copy_jpg.rf.a2ce2a174fc575f69ce892a73260e41b.jpg,1
88,IMG_1580-Copy_jpg.rf.ed42cc356fdb2520e76450b1f56ae939.jpg,1
89,IMG_1582-Copy_jpg.rf.3971b6c4aa715da607057539cf77f5d5.jpg,1
90,IMG_1582-Copy_jpg.rf.4e84666398e8880741e2e441efce6aeb.jpg,1
91,IMG_1582-Copy_jpg.rf.668c02c7600993ed42eaf10f7f5b9000.jpg,1
92,IMG_1582-Copy_jpg.rf.ed1452046009b2f41822effba0313dc3 — копия.jpg,1
93,IMG_1582-Copy_jpg.rf.ed1452046009b2f41822effba0313dc3.jpg,1
94,IMG_1583-Copy_jpg.rf.01092cf0679fa59fcd122d3d55190136 — копия.jpg,1
95,IMG_1583-Copy_jpg.rf.01092cf0679fa59fcd122d3d55190136.jpg,1
96,IMG_1583-Copy_jpg.rf.2458278c7a8e8d27dad8206df78a85c1 — копия.jpg,1
97,IMG_1583-Copy_jpg.rf.2458278c7a8e8d27dad8206df78a85c1.jpg,1
98,IMG_1583-Copy_jpg.rf.54803b8001ef8be878e8a63369ab97b1.jpg,1
99,IMG_1583-Copy_jpg.rf.a3753f40e056205995b56d6ecf7a74ea.jpg,1
100,IMG_1583-Copy_jpg.rf.e019800db83972d4431e393459b7ffb6.jpg,1
101,IMG_1583-Copy_jpg.rf.f27339701e9dcc2a95a3f53f49e75f50.jpg,1
102,IMG_1610_jpg.rf.60fae6e42ff480addf6b14b1cbc5855a.jpg,1
103,IMG_1610_jpg.rf.c832586f2fa09c360c131fecfeac9b34.jpg,1
104,IMG_1611_jpg.rf.1f74e7745b76bef0828a06105d4644ef.jpg,1
105,IMG_1611_jpg.rf.3d7ea4dd5d0206293ea81e4f85a85233.jpg,1
106,IMG_1611_jpg.rf.68526f719b8de187a75b8905e4fb14df.jpg,1
107,IMG_1612_jpg.rf.3227d23e2d43e16038a42d90d1be688a.jpg,1
108,IMG_1612_jpg.rf.42c5a575e556eb08500aa0e03c971d72.jpg,1
109,IMG_1612_jpg.rf.4865cce394c12d46b5f6b4e1f9679974.jpg,1
110,IMG_1613_jpg.rf.3f760e5c21632373a6f180a4740c2339.jpg,1
111,IMG_1613_jpg.rf.c31cbbdd2a5b720ed50f8b1352ee88d2.jpg,1
112,IMG_1613_jpg.rf.ce9724c19b54020139cb5c07acbb5c5d.jpg,1
113,IMG_1614_jpg.rf.650ab7afcebbc3465d7c88066e922725.jpg,1
114,IMG_1615_jpg.rf.3de7aa6c82c9ce2bde0b4563913fe5bb.jpg,1
115,IMG_1615_jpg.rf.6c0bd00de7ba17db2ceada043c2c146c.jpg,1
116,IMG_1615_jpg.rf.99233480439334a77768b35538ce10fa.jpg,1
117,IMG_1616_jpg.rf.1ce2f26001a156c39ff03ea6789303d2.jpg,1
118,IMG_1616_jpg.rf.241d563b19d08c619a424c2327dc0920.jpg,1
119,IMG_1616_jpg.rf.c7160c6326ac44319d4fd8641cead02f.jpg,1
120,IMG_1617_jpg.rf.41934733c7c3b49d8d7283107c0efbb1.jpg,1
121,IMG_1617_jpg.rf.6a65c6d540a4110398145c5b6bb3f250.jpg,1
122,IMG_1617_jpg.rf.99be9d8a8dddca20be052fd3bb08024d.jpg,1
123,IMG_1618_jpg.rf.7374a0b30c693518b2996cafbb23085f.jpg,1
124,IMG_1618_jpg.rf.8294993a60dc1eb39efce4eee675ddd3.jpg,1
125,IMG_1618_jpg.rf.8b20c5b34869cbbe9dee40abfef386bb.jpg,1
126,IMG_1619_jpg.rf.2fcaba061629dec4efcde4d0f7793419.jpg,1
127,IMG_1619_jpg.rf.90ba017d2c3a72ea11f557a78bdeb497.jpg,1
128,IMG_1619_jpg.rf.96f5f7f612f7a772313565af4b833c22.jpg,1
129,IMG_1620_jpg.rf.6c7199eaae94bde4082e5570ee047b5a.jpg,1
130,IMG_1620_jpg.rf.9ae1925aa41f878adf48fae7099d908c.jpg,1
131,IMG_1620_jpg.rf.c919471e5e2f7f35740dbec3769b3784.jpg,1
132,IMG_1621_jpg.rf.793e202e6fee23bf669ce80e5a8aab40.jpg,1
133,IMG_1621_jpg.rf.f0efbe6c2b720791d3fc34946de8f127.jpg,1
134,IMG_1622_jpg.rf.470acf3ddbcf1b5caa640b61920e1982.jpg,1
135,IMG_1622_jpg.rf.5e4f5aa655bb5e768908a3bb69d40cde.jpg,1
136,IMG_1622_jpg.rf.ec51cf0afdb387f613298e86a2281d5d.jpg,1
137,IMG_1624_jpg.rf.c83d480e1cfb3345947f21e08b9d3f0d.jpg,1
138,IMG_1624_jpg.rf.d0f8fa6c3af9201f87c0481fcf80aadd.jpg,1
139,IMG_1624_jpg.rf.f1f9df9da0c0479e71317bd23547666f.jpg,1
140,IMG_1627_jpg.rf.0e03a990e983107a7bd4157bc20b1dd5.jpg,1
141,IMG_1627_jpg.rf.30c0d5bf3b33af94c5310c0836a79f82.jpg,1
142,IMG_1627_jpg.rf.41048fce122b45040727117b3c9ef222.jpg,1
143,IMG_1629_jpg.rf.39e3045d6e563573db2af459e7d4738e.jpg,1
144,IMG_1629_jpg.rf.4e6e9104a116ee15c331ae17f54736df.jpg,1
145,IMG_1631_jpg.rf.2c85142f0cb2ef7355333380f505fd72.jpg,1
146,IMG_1632_jpg.rf.08316134ebc0323bbb3dcfca22e49384.jpg,1
147,IMG_1633_jpg.rf.205682d43b1c2524fad09a3abb076497.jpg,1
148,IMG_1633_jpg.rf.312c890b08669a992a8b8da3e661114a.jpg,1
149,IMG_1634_jpg.rf.61ddcdc8ed1595ad80476af52b870cbb.jpg,1
150,IMG_1634_jpg.rf.d6f0e89f07449108ae565992e1b97de8.jpg,1
151,IMG_1635_jpg.rf.bfeaebd61f2de62bd2a544054b42487b.jpg,1
152,IMG_1635_jpg.rf.c3ff04284f2294532e96f5a62db3f9e2.jpg,1
153,IMG_1636_jpg.rf.280606e9480419d3127b257236b25820.jpg,1
154,IMG_1636_jpg.rf.cfb7372e6d6c8b51d528fd7aa0a9251a.jpg,1
155,IMG_1637_jpg.rf.357d7e26b99398fd20af8ab663132b09.jpg,1
156,IMG_1637_jpg.rf.4c4dea35397242d07fb9a9a5aaacb3c5.jpg,1
157,IMG_1637_jpg.rf.8a1101f5c05875f287a97c59f38438ef.jpg,1
158,IMG_1638_jpg.rf.042b5851905ae55a0ba1aad896491f28.jpg,1
159,IMG_1638_jpg.rf.7d0bc6150d5985e25efe7bb68aee0559.jpg,1
160,IMG_1638_jpg.rf.c9a4574122a414583a33de1f12f471ab.jpg,1
161,test,1
162,05-67.jpg,2
163,14-1578.jpg,2
164,1650513367_55-vsegda-pomnim-com-p-kak-tsvetet-palma-khoveya-foto-63.jpg,2
165,1650514776_64-vsegda-pomnim-com-p-kak-tsvetet-khoveya-foto-72.jpg,2
166,1650616263_47-vsegda-pomnim-com-p-khoveya-tsvetenie-foto-49.jpg,2
167,20170804_020203790_iOS.jpg,2
168,7girpcXNI7Gb42G.jpg,2
169,conv_05-67.jpg,2
170,conv_14-1578.jpg,2
171,conv_1650513367_55-vsegda-pomnim-com-p-kak-tsvetet-palma-khoveya-foto-63.jpg,2
172,conv_1650514776_64-vsegda-pomnim-com-p-kak-tsvetet-khoveya-foto-72.jpg,2
173,conv_1650616263_47-vsegda-pomnim-com-p-khoveya-tsvetenie-foto-49.jpg,2
174,conv_20170804_020203790_iOS.jpg,2
175,conv_7girpcXNI7Gb42G.jpg,2
176,conv_dscf9793-1.jpg,2
177,conv_hoveya-63.jpg,2
178,conv_kogda-peresazhivat-hoveyu.jpg,2
179,dscf9793-1.jpg,2
180,gray_05-67.jpg,2
181,gray_14-1578.jpg,2
182,gray_1650513367_55-vsegda-pomnim-com-p-kak-tsvetet-palma-khoveya-foto-63.jpg,2
183,gray_1650514776_64-vsegda-pomnim-com-p-kak-tsvetet-khoveya-foto-72.jpg,2
184,gray_1650616263_47-vsegda-pomnim-com-p-khoveya-tsvetenie-foto-49.jpg,2
185,gray_20170804_020203790_iOS.jpg,2
186,gray_7girpcXNI7Gb42G.jpg,2
187,gray_conv_05-67.jpg,2
188,gray_conv_14-1578.jpg,2
189,gray_conv_1650513367_55-vsegda-pomnim-com-p-kak-tsvetet-palma-khoveya-foto-63.jpg,2
190,gray_conv_1650514776_64-vsegda-pomnim-com-p-kak-tsvetet-khoveya-foto-72.jpg,2
191,gray_conv_1650616263_47-vsegda-pomnim-com-p-khoveya-tsvetenie-foto-49.jpg,2
192,gray_conv_20170804_020203790_iOS.jpg,2
193,gray_conv_7girpcXNI7Gb42G.jpg,2
194,gray_conv_dscf9793-1.jpg,2
195,gray_conv_hoveya-63.jpg,2
196,gray_conv_kogda-peresazhivat-hoveyu.jpg,2
197,gray_dscf9793-1.jpg,2
198,gray_hoveya-63.jpg,2
199,gray_kogda-peresazhivat-hoveyu.jpg,2
200,gray_rot180_05-67.jpg,2
201,gray_rot180_14-1578.jpg,2
202,gray_rot180_1650513367_55-vsegda-pomnim-com-p-kak-tsvetet-palma-khoveya-foto-63.jpg,2
203,gray_rot180_1650514776_64-vsegda-pomnim-com-p-kak-tsvetet-khoveya-foto-72.jpg,2
204,gray_rot180_1650616263_47-vsegda-pomnim-com-p-khoveya-tsvetenie-foto-49.jpg,2
205,gray_rot180_20170804_020203790_iOS.jpg,2
206,gray_rot180_7girpcXNI7Gb42G.jpg,2
207,gray_rot180_dscf9793-1.jpg,2
208,gray_rot180_hoveya-63.jpg,2
209,gray_rot180_kogda-peresazhivat-hoveyu.jpg,2
210,gray_rot90_05-67.jpg,2
211,gray_rot90_14-1578.jpg,2
212,gray_rot90_1650513367_55-vsegda-pomnim-com-p-kak-tsvetet-palma-khoveya-foto-63.jpg,2
213,gray_rot90_1650514776_64-vsegda-pomnim-com-p-kak-tsvetet-khoveya-foto-72.jpg,2
214,gray_rot90_1650616263_47-vsegda-pomnim-com-p-khoveya-tsvetenie-foto-49.jpg,2
215,gray_rot90_20170804_020203790_iOS.jpg,2
216,gray_rot90_7girpcXNI7Gb42G.jpg,2
217,gray_rot90_dscf9793-1.jpg,2
218,gray_rot90_hoveya-63.jpg,2
219,gray_rot90_kogda-peresazhivat-hoveyu.jpg,2
220,hoveya-63.jpg,2
221,kogda-peresazhivat-hoveyu.jpg,2
222,rot18005-67.jpg,2
223,rot18014-1578.jpg,2
224,rot1801650513367_55-vsegda-pomnim-com-p-kak-tsvetet-palma-khoveya-foto-63.jpg,2
225,rot1801650514776_64-vsegda-pomnim-com-p-kak-tsvetet-khoveya-foto-72.jpg,2
226,rot1801650616263_47-vsegda-pomnim-com-p-khoveya-tsvetenie-foto-49.jpg,2
227,rot18020170804_020203790_iOS.jpg,2
228,rot1807girpcXNI7Gb42G.jpg,2
229,rot180dscf9793-1.jpg,2
230,rot180hoveya-63.jpg,2
231,rot180kogda-peresazhivat-hoveyu.jpg,2
232,rot9005-67.jpg,2
233,rot9014-1578.jpg,2
234,rot901650513367_55-vsegda-pomnim-com-p-kak-tsvetet-palma-khoveya-foto-63.jpg,2
235,rot901650514776_64-vsegda-pomnim-com-p-kak-tsvetet-khoveya-foto-72.jpg,2
236,rot901650616263_47-vsegda-pomnim-com-p-khoveya-tsvetenie-foto-49.jpg,2
237,rot9020170804_020203790_iOS.jpg,2
238,rot907girpcXNI7Gb42G.jpg,2
239,rot90dscf9793-1.jpg,2
240,rot90hoveya-63.jpg,2
241,rot90kogda-peresazhivat-hoveyu.jpg,2
242,1571109.jpg,3
243,1633466875_34-p-orkhideya-tsvetov-v-gorshke-doma-foto-34.jpg,3
244,1633729672_57-pro-dachnikov-com-p-orkhidei-domashnie-foto-62.jpg,3
245,1650647553_40-vsegda-pomnim-com-p-kak-pravilno-podrezat-orkhideyu-posle-tsve-41.jpg,3
246,1672888236_pro-dachnikov-com-p-orkhidei-na-okne-foto-25.jpg,3
247,217601-feae5-34108851-m750x740.jpg,3
248,33000_533x800_7b812fdb7dc841b1dce821a4366cf4f1.jpg,3
249,4086931 (1).jpg,3
250,conv_1571109.jpg,3
251,conv_1633466875_34-p-orkhideya-tsvetov-v-gorshke-doma-foto-34.jpg,3
252,conv_1633729672_57-pro-dachnikov-com-p-orkhidei-domashnie-foto-62.jpg,3
253,conv_1650647553_40-vsegda-pomnim-com-p-kak-pravilno-podrezat-orkhideyu-posle-tsve-41.jpg,3
254,conv_1672888236_pro-dachnikov-com-p-orkhidei-na-okne-foto-25.jpg,3
255,conv_217601-feae5-34108851-m750x740.jpg,3
256,conv_33000_533x800_7b812fdb7dc841b1dce821a4366cf4f1.jpg,3
257,conv_4086931 (1).jpg,3
258,conv_Listya-orhidei-39.jpg,3
259,conv_scale_1200.jpg,3
260,gray_1571109.jpg,3
261,gray_1633466875_34-p-orkhideya-tsvetov-v-gorshke-doma-foto-34.jpg,3
262,gray_1633729672_57-pro-dachnikov-com-p-orkhidei-domashnie-foto-62.jpg,3
263,gray_1650647553_40-vsegda-pomnim-com-p-kak-pravilno-podrezat-orkhideyu-posle-tsve-41.jpg,3
264,gray_1672888236_pro-dachnikov-com-p-orkhidei-na-okne-foto-25.jpg,3
265,gray_217601-feae5-34108851-m750x740.jpg,3
266,gray_33000_533x800_7b812fdb7dc841b1dce821a4366cf4f1.jpg,3
267,gray_4086931 (1).jpg,3
268,gray_conv_1571109.jpg,3
269,gray_conv_1633466875_34-p-orkhideya-tsvetov-v-gorshke-doma-foto-34.jpg,3
270,gray_conv_1633729672_57-pro-dachnikov-com-p-orkhidei-domashnie-foto-62.jpg,3
271,gray_conv_1650647553_40-vsegda-pomnim-com-p-kak-pravilno-podrezat-orkhideyu-posle-tsve-41.jpg,3
272,gray_conv_1672888236_pro-dachnikov-com-p-orkhidei-na-okne-foto-25.jpg,3
273,gray_conv_217601-feae5-34108851-m750x740.jpg,3
274,gray_conv_33000_533x800_7b812fdb7dc841b1dce821a4366cf4f1.jpg,3
275,gray_conv_4086931 (1).jpg,3
276,gray_conv_Listya-orhidei-39.jpg,3
277,gray_conv_scale_1200.jpg,3
278,gray_Listya-orhidei-39.jpg,3
279,gray_rot180_1571109.jpg,3
280,gray_rot180_1633466875_34-p-orkhideya-tsvetov-v-gorshke-doma-foto-34.jpg,3
281,gray_rot180_1633729672_57-pro-dachnikov-com-p-orkhidei-domashnie-foto-62.jpg,3
282,gray_rot180_1650647553_40-vsegda-pomnim-com-p-kak-pravilno-podrezat-orkhideyu-posle-tsve-41.jpg,3
283,gray_rot180_1672888236_pro-dachnikov-com-p-orkhidei-na-okne-foto-25.jpg,3
284,gray_rot180_217601-feae5-34108851-m750x740.jpg,3
285,gray_rot180_33000_533x800_7b812fdb7dc841b1dce821a4366cf4f1.jpg,3
286,gray_rot180_4086931 (1).jpg,3
287,gray_rot180_Listya-orhidei-39.jpg,3
288,gray_rot180_scale_1200.jpg,3
289,gray_rot90_1571109.jpg,3
290,gray_rot90_1633466875_34-p-orkhideya-tsvetov-v-gorshke-doma-foto-34.jpg,3
291,gray_rot90_1633729672_57-pro-dachnikov-com-p-orkhidei-domashnie-foto-62.jpg,3
292,gray_rot90_1650647553_40-vsegda-pomnim-com-p-kak-pravilno-podrezat-orkhideyu-posle-tsve-41.jpg,3
293,gray_rot90_1672888236_pro-dachnikov-com-p-orkhidei-na-okne-foto-25.jpg,3
294,gray_rot90_217601-feae5-34108851-m750x740.jpg,3
295,gray_rot90_33000_533x800_7b812fdb7dc841b1dce821a4366cf4f1.jpg,3
296,gray_rot90_4086931 (1).jpg,3
297,gray_rot90_Listya-orhidei-39.jpg,3
298,gray_rot90_scale_1200.jpg,3
299,gray_scale_1200.jpg,3
300,Listya-orhidei-39.jpg,3
301,rot1801571109.jpg,3
302,rot1801633466875_34-p-orkhideya-tsvetov-v-gorshke-doma-foto-34.jpg,3
303,rot1801633729672_57-pro-dachnikov-com-p-orkhidei-domashnie-foto-62.jpg,3
304,rot1801650647553_40-vsegda-pomnim-com-p-kak-pravilno-podrezat-orkhideyu-posle-tsve-41.jpg,3
305,rot1801672888236_pro-dachnikov-com-p-orkhidei-na-okne-foto-25.jpg,3
306,rot180217601-feae5-34108851-m750x740.jpg,3
307,rot18033000_533x800_7b812fdb7dc841b1dce821a4366cf4f1.jpg,3
308,rot1804086931 (1).jpg,3
309,rot180Listya-orhidei-39.jpg,3
310,rot180scale_1200.jpg,3
311,rot901571109.jpg,3
312,rot901633466875_34-p-orkhideya-tsvetov-v-gorshke-doma-foto-34.jpg,3
313,rot901633729672_57-pro-dachnikov-com-p-orkhidei-domashnie-foto-62.jpg,3
314,rot901650647553_40-vsegda-pomnim-com-p-kak-pravilno-podrezat-orkhideyu-posle-tsve-41.jpg,3
315,rot901672888236_pro-dachnikov-com-p-orkhidei-na-okne-foto-25.jpg,3
316,rot90217601-feae5-34108851-m750x740.jpg,3
317,rot9033000_533x800_7b812fdb7dc841b1dce821a4366cf4f1.jpg,3
318,rot904086931 (1).jpg,3
319,rot90Listya-orhidei-39.jpg,3
320,rot90scale_1200.jpg,3
321,scale_1200.jpg,3
322,1621054115_82-p-sansevieriya-tryokhpolosnaya-foto-99.jpg,4
323,1637875780_124-pro-dachnikov-com-p-sansevieriya-foto-133.jpg,4
324,1638095210_13-pro-dachnikov-com-p-sansevieriya-tryokhpolosnaya-foto-13.jpg,4
325,1660204255_74-mykaleidoscope-ru-p-sansevieriya-khanni-v-interere-dizain-kras-76.jpg,4
326,47716f3302cba4c0eb77de5c60c66293.jpg,4
327,7b26b666289cf05633a731121356fc83--sansevieria-trifasciata-snake-plant.jpg,4
328,conv_1621054115_82-p-sansevieriya-tryokhpolosnaya-foto-99.jpg,4
329,conv_1637875780_124-pro-dachnikov-com-p-sansevieriya-foto-133.jpg,4
330,conv_1638095210_13-pro-dachnikov-com-p-sansevieriya-tryokhpolosnaya-foto-13.jpg,4
331,conv_1660204255_74-mykaleidoscope-ru-p-sansevieriya-khanni-v-interere-dizain-kras-76.jpg,4
332,conv_47716f3302cba4c0eb77de5c60c66293.jpg,4
333,conv_7b26b666289cf05633a731121356fc83--sansevieria-trifasciata-snake-plant.jpg,4
334,conv_d45cf34d342b7a39eb30d8f0ce44722e.jpg,4
335,conv_sansevieriya-8.jpg,4
336,conv_sansevieriya-isklyuchitelno-vyinoslivoe-rastenie-dlya-ukrasheniya-interera-01.jpg,4
337,d45cf34d342b7a39eb30d8f0ce44722e.jpg,4
338,gray_1621054115_82-p-sansevieriya-tryokhpolosnaya-foto-99.jpg,4
339,gray_1637875780_124-pro-dachnikov-com-p-sansevieriya-foto-133.jpg,4
340,gray_1638095210_13-pro-dachnikov-com-p-sansevieriya-tryokhpolosnaya-foto-13.jpg,4
341,gray_1660204255_74-mykaleidoscope-ru-p-sansevieriya-khanni-v-interere-dizain-kras-76.jpg,4
342,gray_47716f3302cba4c0eb77de5c60c66293.jpg,4
343,gray_7b26b666289cf05633a731121356fc83--sansevieria-trifasciata-snake-plant.jpg,4
344,gray_conv_1621054115_82-p-sansevieriya-tryokhpolosnaya-foto-99.jpg,4
345,gray_conv_1637875780_124-pro-dachnikov-com-p-sansevieriya-foto-133.jpg,4
346,gray_conv_1638095210_13-pro-dachnikov-com-p-sansevieriya-tryokhpolosnaya-foto-13.jpg,4
347,gray_conv_1660204255_74-mykaleidoscope-ru-p-sansevieriya-khanni-v-interere-dizain-kras-76.jpg,4
348,gray_conv_47716f3302cba4c0eb77de5c60c66293.jpg,4
349,gray_conv_7b26b666289cf05633a731121356fc83--sansevieria-trifasciata-snake-plant.jpg,4
350,gray_conv_d45cf34d342b7a39eb30d8f0ce44722e.jpg,4
351,gray_conv_sansevieriya-8.jpg,4
352,gray_conv_sansevieriya-isklyuchitelno-vyinoslivoe-rastenie-dlya-ukrasheniya-interera-01.jpg,4
353,gray_d45cf34d342b7a39eb30d8f0ce44722e.jpg,4
354,gray_rot180_1621054115_82-p-sansevieriya-tryokhpolosnaya-foto-99.jpg,4
355,gray_rot180_1637875780_124-pro-dachnikov-com-p-sansevieriya-foto-133.jpg,4
356,gray_rot180_1638095210_13-pro-dachnikov-com-p-sansevieriya-tryokhpolosnaya-foto-13.jpg,4
357,gray_rot180_1660204255_74-mykaleidoscope-ru-p-sansevieriya-khanni-v-interere-dizain-kras-76.jpg,4
358,gray_rot180_47716f3302cba4c0eb77de5c60c66293.jpg,4
359,gray_rot180_7b26b666289cf05633a731121356fc83--sansevieria-trifasciata-snake-plant.jpg,4
360,gray_rot180_d45cf34d342b7a39eb30d8f0ce44722e.jpg,4
361,gray_rot180_sansevieriya-8.jpg,4
362,gray_rot180_sansevieriya-isklyuchitelno-vyinoslivoe-rastenie-dlya-ukrasheniya-interera-01.jpg,4
363,gray_rot90_1621054115_82-p-sansevieriya-tryokhpolosnaya-foto-99.jpg,4
364,gray_rot90_1637875780_124-pro-dachnikov-com-p-sansevieriya-foto-133.jpg,4
365,gray_rot90_1638095210_13-pro-dachnikov-com-p-sansevieriya-tryokhpolosnaya-foto-13.jpg,4
366,gray_rot90_1660204255_74-mykaleidoscope-ru-p-sansevieriya-khanni-v-interere-dizain-kras-76.jpg,4
367,gray_rot90_47716f3302cba4c0eb77de5c60c66293.jpg,4
368,gray_rot90_7b26b666289cf05633a731121356fc83--sansevieria-trifasciata-snake-plant.jpg,4
369,gray_rot90_d45cf34d342b7a39eb30d8f0ce44722e.jpg,4
370,gray_rot90_sansevieriya-8.jpg,4
371,gray_rot90_sansevieriya-isklyuchitelno-vyinoslivoe-rastenie-dlya-ukrasheniya-interera-01.jpg,4
372,gray_sansevieriya-8.jpg,4
373,gray_sansevieriya-isklyuchitelno-vyinoslivoe-rastenie-dlya-ukrasheniya-interera-01.jpg,4
374,rot1801621054115_82-p-sansevieriya-tryokhpolosnaya-foto-99.jpg,4
375,rot1801637875780_124-pro-dachnikov-com-p-sansevieriya-foto-133.jpg,4
376,rot1801638095210_13-pro-dachnikov-com-p-sansevieriya-tryokhpolosnaya-foto-13.jpg,4
377,rot1801660204255_74-mykaleidoscope-ru-p-sansevieriya-khanni-v-interere-dizain-kras-76.jpg,4
378,rot18047716f3302cba4c0eb77de5c60c66293.jpg,4
379,rot1807b26b666289cf05633a731121356fc83--sansevieria-trifasciata-snake-plant.jpg,4
380,rot180d45cf34d342b7a39eb30d8f0ce44722e.jpg,4
381,rot180sansevieriya-8.jpg,4
382,rot180sansevieriya-isklyuchitelno-vyinoslivoe-rastenie-dlya-ukrasheniya-interera-01.jpg,4
383,rot901621054115_82-p-sansevieriya-tryokhpolosnaya-foto-99.jpg,4
384,rot901637875780_124-pro-dachnikov-com-p-sansevieriya-foto-133.jpg,4
385,rot901638095210_13-pro-dachnikov-com-p-sansevieriya-tryokhpolosnaya-foto-13.jpg,4
386,rot901660204255_74-mykaleidoscope-ru-p-sansevieriya-khanni-v-interere-dizain-kras-76.jpg,4
387,rot9047716f3302cba4c0eb77de5c60c66293.jpg,4
388,rot907b26b666289cf05633a731121356fc83--sansevieria-trifasciata-snake-plant.jpg,4
389,rot90d45cf34d342b7a39eb30d8f0ce44722e.jpg,4
390,rot90sansevieriya-8.jpg,4
391,rot90sansevieriya-isklyuchitelno-vyinoslivoe-rastenie-dlya-ukrasheniya-interera-01.jpg,4
392,sansevieriya-8.jpg,4
393,sansevieriya-isklyuchitelno-vyinoslivoe-rastenie-dlya-ukrasheniya-interera-01.jpg,4
394,1.jpg,5
395,1650645616_77-vsegda-pomnim-com-p-zamiokulkas-nachalo-tsveteniya-foto-79.jpg,5
396,1700610941_binomen-ru-p-zamiokulkas-short-liv-instagram-19 (1).jpg,5
397,1704720613_vsegda-pomnim-com-p-zamiokulkas-tsvetenie-foto-51.jpg,5
398,6452e613b2216a213f0ce0592b811adf.jpg,5
399,b3c622431129fd50bc9369a301fa5831.jpg,5
400,conv_1.jpg,5
401,conv_1650645616_77-vsegda-pomnim-com-p-zamiokulkas-nachalo-tsveteniya-foto-79.jpg,5
402,conv_1700610941_binomen-ru-p-zamiokulkas-short-liv-instagram-19 (1).jpg,5
403,conv_1704720613_vsegda-pomnim-com-p-zamiokulkas-tsvetenie-foto-51.jpg,5
404,conv_6452e613b2216a213f0ce0592b811adf.jpg,5
405,conv_b3c622431129fd50bc9369a301fa5831.jpg,5
406,conv_Zenzi-miniaturowy-zamiokulkas-zamiolistny.jpg,5
407,gray_1.jpg,5
408,gray_1650645616_77-vsegda-pomnim-com-p-zamiokulkas-nachalo-tsveteniya-foto-79.jpg,5
409,gray_1700610941_binomen-ru-p-zamiokulkas-short-liv-instagram-19 (1).jpg,5
410,gray_1704720613_vsegda-pomnim-com-p-zamiokulkas-tsvetenie-foto-51.jpg,5
411,gray_6452e613b2216a213f0ce0592b811adf.jpg,5
412,gray_b3c622431129fd50bc9369a301fa5831.jpg,5
413,gray_conv_1.jpg,5
414,gray_conv_1650645616_77-vsegda-pomnim-com-p-zamiokulkas-nachalo-tsveteniya-foto-79.jpg,5
415,gray_conv_1700610941_binomen-ru-p-zamiokulkas-short-liv-instagram-19 (1).jpg,5
416,gray_conv_1704720613_vsegda-pomnim-com-p-zamiokulkas-tsvetenie-foto-51.jpg,5
417,gray_conv_6452e613b2216a213f0ce0592b811adf.jpg,5
418,gray_conv_b3c622431129fd50bc9369a301fa5831.jpg,5
419,gray_conv_Zenzi-miniaturowy-zamiokulkas-zamiolistny.jpg,5
420,gray_rot180_1.jpg,5
421,gray_rot180_1650645616_77-vsegda-pomnim-com-p-zamiokulkas-nachalo-tsveteniya-foto-79.jpg,5
422,gray_rot180_1700610941_binomen-ru-p-zamiokulkas-short-liv-instagram-19 (1).jpg,5
423,gray_rot180_1704720613_vsegda-pomnim-com-p-zamiokulkas-tsvetenie-foto-51.jpg,5
424,gray_rot180_6452e613b2216a213f0ce0592b811adf.jpg,5
425,gray_rot180_b3c622431129fd50bc9369a301fa5831.jpg,5
426,gray_rot180_Zenzi-miniaturowy-zamiokulkas-zamiolistny.jpg,5
427,gray_rot90_1.jpg,5
428,gray_rot90_1650645616_77-vsegda-pomnim-com-p-zamiokulkas-nachalo-tsveteniya-foto-79.jpg,5
429,gray_rot90_1700610941_binomen-ru-p-zamiokulkas-short-liv-instagram-19 (1).jpg,5
430,gray_rot90_1704720613_vsegda-pomnim-com-p-zamiokulkas-tsvetenie-foto-51.jpg,5
431,gray_rot90_6452e613b2216a213f0ce0592b811adf.jpg,5
432,gray_rot90_b3c622431129fd50bc9369a301fa5831.jpg,5
433,gray_rot90_Zenzi-miniaturowy-zamiokulkas-zamiolistny.jpg,5
434,gray_Zenzi-miniaturowy-zamiokulkas-zamiolistny.jpg,5
435,rot1801.jpg,5
436,rot1801650645616_77-vsegda-pomnim-com-p-zamiokulkas-nachalo-tsveteniya-foto-79.jpg,5
437,rot1801700610941_binomen-ru-p-zamiokulkas-short-liv-instagram-19 (1).jpg,5
438,rot1801704720613_vsegda-pomnim-com-p-zamiokulkas-tsvetenie-foto-51.jpg,5
439,rot1806452e613b2216a213f0ce0592b811adf.jpg,5
440,rot180b3c622431129fd50bc9369a301fa5831.jpg,5
441,rot180Zenzi-miniaturowy-zamiokulkas-zamiolistny.jpg,5
442,rot901.jpg,5
443,rot901650645616_77-vsegda-pomnim-com-p-zamiokulkas-nachalo-tsveteniya-foto-79.jpg,5
444,rot901700610941_binomen-ru-p-zamiokulkas-short-liv-instagram-19 (1).jpg,5
445,rot901704720613_vsegda-pomnim-com-p-zamiokulkas-tsvetenie-foto-51.jpg,5
446,rot906452e613b2216a213f0ce0592b811adf.jpg,5
447,rot90b3c622431129fd50bc9369a301fa5831.jpg,5
448,rot90Zenzi-miniaturowy-zamiokulkas-zamiolistny.jpg,5
449,Zenzi-miniaturowy-zamiokulkas-zamiolistny.jpg,5
